company,title,date,fee_brand_1,total_fee_1,fee_brand_2,total_fee_2,fee_brand_3,total_fee_3,benefit_title_1,benefit_detail_1_1,benefit_detail_1_2,benefit_title_2,benefit_detail_2_1,benefit_detail_2_2,benefit_title_3,benefit_detail_3_1,benefit_detail_3_2,benefit_title_4,benefit_detail_4_1,benefit_detail_4_2,benefit_title_5,benefit_detail_5_1,benefit_detail_5_2,img,url
신한카드,신한카드 봄,2023.03.20,국내 카드,1만7천원,마스터 카드,2만원,,,기본 서비스,국내외 이용금액 최대 0.5% 캐시백,분기 5천원 추가 캐시백,교통 서비스,,,디지털 구독 서비스,,,,,,,,,https://www.shinhancard.com/pconts/images/contents/card/plate/cdCreditAQDD6N.png,https://www.shinhancard.com/pconts/html/card/apply/credit/1221135_2207.html
신한카드,신한카드 봄(도구리),2023.03.20,국내 카드,1만7천원,마스터 카드,2만원,,,기본 서비스,국내외 이용금액 최대 0.5% 캐시백,분기 5천원 추가 캐시백,교통 서비스,,,디지털 구독 서비스,,,,,,,,,https://www.shinhancard.com/pconts/images/contents/card/plate/cdCreditAQDDC4.png,https://www.shinhancard.com/pconts/html/card/apply/credit/1223604_2207.html
신한카드,신한카드 Globus,2023.04.18,국내 카드,2만2천원,마스터 카드,2만5천원,,,해외 수수료 할인,국제브랜드사 수수료 1% 할인,해외서비스 수수료 0.18% 할인,마이신한포인트 적립,"기본 적립
		국내 이용금액 0.7% 적립","특별 적립
		해외 이용금액 1.7% 적립",,,,Platinum,국제 브랜드사 서비스(플래티늄 등급 선택 시 제공),,,,,https://www.shinhancard.com/pconts/images/contents/card/plate/cdCreditBUAD6J.png,https://www.shinhancard.com/pconts/html/card/apply/credit/1221213_2207.html
신한카드,신한카드 플리,2022.05.18,국내 카드,1만5천원,마스터 카드,1만8천원,,,Daily 결제일 할인,"국내 이용금액 최대 0.9% 결제일 할인
        
신한플레이를 통한 결제 시 0.9% 결제일 할인
신한플레이가 아닌 방식으로 결제 시 0.5% 결제일 할인",해외 이용금액 0.5% 결제일 할인,Weekly 할인 쿠폰,"매주 1회 할인 쿠폰 제공
        월 4회, 3천원 쿠폰 1회, 1천원 쿠폰 3회",쿠폰 받기 후 이용 거래 건부터 적용,Monthly 단골 적립,"My Pick 가맹점 월 3, 6, 9번째 이용 건 마이신한포인트 1,000포인트 적립
        월 최대 3회, 3천 포인트",,,,,,,,https://www.shinhancard.com/pconts/images/contents/card/plate/cdCreditPLACXP.png,https://www.shinhancard.com/pconts/html/card/apply/credit/1216829_2207.html
신한카드,신한카드 플리(산리오캐릭터즈),2022.05.18,국내 카드,1만5천원,마스터 카드,1만8천원,,,Daily 결제일 할인,"국내 이용금액 최대 0.9% 결제일 할인
        
신한플레이를 통한 결제 시 0.9% 결제일 할인
신한플레이가 아닌 방식으로 결제 시 0.5% 결제일 할인",해외 이용금액 0.5% 결제일 할인,Weekly 할인 쿠폰,"매주 1회 할인 쿠폰 제공
        월 4회, 3천원 쿠폰 1회, 1천원 쿠폰 3회",쿠폰 받기 후 이용 거래 건부터 적용,Monthly 단골 적립,"My Pick 가맹점 월 3, 6, 9번째 이용 건 마이신한포인트 1,000포인트 적립
        월 최대 3회, 3천 포인트",,,,,,,,https://www.shinhancard.com/pconts/images/contents/card/plate/cdCreditPLAD43.png,https://www.shinhancard.com/pconts/html/card/apply/credit/1220329_2207.html
신한카드,신한카드 핏(Fit),2022.09.15,국내 카드,1만5천원,비자 카드,1만8천원,,,일상영역 - Stamp 기본 적립,일상 영역별 5회 이용 시 스탬프 적립(일상 영역: 편의점/커피/요식/온라인),Stamp 개수별 최대 4천 포인트 적립,일상영역 - Bingo! 추가 적립,,,Flex 영역 - Flex 영역 10% 적립,,,Flex 영역 - 적립한도 업그레이드,,,,,,https://www.shinhancard.com/pconts/images/contents/card/plate/cdCreditAXKD3X.png,https://www.shinhancard.com/pconts/html/card/apply/credit/1218726_2207.html
신한카드,신한카드 EVerywhere,2022.11.23,국내 카드,1만9천원,비자 카드,2만2천원,,,전기차 충전 캐시백,"기본 캐시백
        전기차 충전요금 20%~30% 캐시백","추가 캐시백
        생활 캐시백 1회 이상 이용 시 5%~10% 추가 캐시백",생활 캐시백,디지털 구독 20% 캐시백,이동통신 5% 캐시백,주차 캐시백,,,,,,,,,https://www.shinhancard.com/pconts/images/contents/card/plate/cdCreditBTDD42.png,https://www.shinhancard.com/pconts/html/card/apply/credit/1219683_2207.html
신한카드,신한카드 Eats More(곰표),2022.01.26,국내 카드,1만5천원,비자 카드,1만8천원,,,기본 적립,"전 가맹점 5천원 이상 결제 시  1천원 미만 금액 마이신한포인트 적립
        예시: 커피 전문점에서 5,600원 결제 시 600포인트 적립",,추가 적립,"요식업종/배달앱/온라인마켓 이용건별 마이신한포인트 정액 적립(신한pLay앱을 통한 결제 시 건당 100포인트 추가 적립)
        예시: 요기요 앱에서 3만원 결제 시 1,000포인트 적립/결제방식 신한pLay앱 이용 시 1,100포인트 적립",,적립포인트 투자,"신한은행 달러 예금 계좌 혜택
        마이신한포인트 외화체인지업 계좌 입금 시 환전수수료 면제",,,,,카드 디자인,,,https://www.shinhancard.com/pconts/images/contents/card/plate/cdCreditAOCD1Z.png,https://www.shinhancard.com/pconts/html/card/apply/credit/1218137_2207.html
신한카드,신한카드 Eats More(이츠모아),2022.01.26,국내 카드,1만5천원,비자 카드,1만8천원,,,기본 적립,"전 가맹점 5천원 이상 결제 시  1천원 미만 금액 마이신한포인트 적립
        예시: 커피 전문점에서 5,600원 결제 시 600포인트 적립",,추가 적립,"요식업종/배달앱/온라인마켓 이용건별 마이신한포인트 정액 적립(신한pLay앱을 통한 결제 시 건당 100포인트 추가 적립)
        예시: 요기요 앱에서 3만원 결제 시 1,000포인트 적립/결제방식 신한pLay앱 이용 시 1,100포인트 적립",,적립포인트 투자,"신한은행 달러 예금 계좌 혜택
        마이신한포인트 외화체인지업 계좌 입금 시 환전수수료 면제",,,,,카드 디자인,,,https://www.shinhancard.com/pconts/images/contents/card/plate/cdCreditAOCCT6.gif,https://www.shinhancard.com/pconts/html/card/apply/credit/1215320_2207.html
신한카드,신한카드 Unboxing,2020.09.15,국내 카드,3만2천원,아메리칸 익스프레스 카드,3만5천원,,,10% 캐시백,기본 최대 5만원 캐시백,해외 이용 시 최대 2만원 캐시백 한도 추가 제공,언박싱 스페셜 할인,"건당 2,500원 할인 / 월 최대 6회 할인",,,,,Platinum,국제 브랜드사 서비스(플래티늄 등급 선택 시 제공),,,,,https://www.shinhancard.com/pconts/images/contents/card/plate/cdCreditBCECA3_1.png,https://www.shinhancard.com/pconts/html/card/apply/credit/1198302_2207.html
신한카드,신한카드 래플(Raffle),2022.06.22,국내 카드,1만7천원,아메리칸 익스프레스 카드,2만원,,,월마다 추첨 적립,,,분기마다 추첨 적립,,,,,,디자인 스토리,,,,,,https://www.shinhancard.com/pconts/images/contents/card/plate/cdCreditBSBD03.png,https://www.shinhancard.com/pconts/html/card/apply/credit/1217251_2207.html
신한카드,신한카드 Deep Dream(모베러웍스),2017.09.22,비자 카드,1만원,유니온페이 카드,8천원,,,모두드림,전월 실적/적립한도 없이 국내/외 신판(일시불+할부)이용 가맹점 0.7% 포인트 적립,,더해드림,자주 가는 DREAM 영역은 기본의 3배(총 2.1%) 포인트 적립,,챙겨드림,DREAM 영역 중 가장 많이 이용한 영역은 기본의 5배(총 3.5%) 포인트 자동적립,,DREAM 영역,할인점/편의점&잡화/영화&커피/해외/이동통신 영역,,아껴드림,"주말(토,일) 전 주유소 리터당 80원 적립","매 월 택시 3, 6, 9회째 이용할 때마다 2천원 할인",https://www.shinhancard.com/pconts/images/contents/card/plate/cdCreditBJACQ6.png,https://www.shinhancard.com/pconts/html/card/apply/credit/1214145_2207.html
신한카드,신한카드 구독 좋아요,2022.12.29,국내 카드,1만5천원,비자 카드,1만8천원,,,디지털 구독 할인,"5개 영역 디지털 구독 가맹점 정기결제 이용 시 결제일 할인
        월간 통합 할인한도 이내, 결제금액 100% 할인",,정기결제 자동이체 할인,"서비스 대상 정기결제 가맹점 자동이체 시 결제일 할인
        건별 1천원, 월 최대 2천원 할인",,생활서비스 할인,"서비스 대상 배달앱/생활편의 가맹점 이용 시 결제일 할인
        월간 통합 할인한도 이내, 결제금액 10% 할인",,,,,,,,https://www.shinhancard.com/pconts/images/contents/card/plate/cdCreditBNCD4E.png,https://www.shinhancard.com/pconts/html/card/apply/credit/1220057_2207.html
신한카드,신한카드 Puzzle,2021.07.15,국내 카드,1만5천원,마스터 카드,1만8천원,,,기본 적립 서비스,국내/외 이용금액 0.6% 기본 적립(전월이용금액 조건/적립한도 없음),간편결제(Pay) 이용 시 0.1% 추가 적립,오픈뱅킹 서비스,,,전월 이용금액 이월,,,기본 서비스팩,"기본 서비스팩 4종(택 1)
        
Booster: 국내외 모든 가맹점 0.2% 추가 적립
Point Plus: 연간 이용금액별 포인트 추가 적립
Lucky: 승인번호에 따라 최대 8천 포인트 적립
월력(1일~말일)기준 청구서비스: 14일 이후 결제일 선택 시, 1일~말일 이용금액 청구",,선택 서비스팩,선택 서비스팩 6종(최대 택 2),선택 서비스팩 1개 이용요금 5천원,https://www.shinhancard.com/pconts/images/contents/card/plate/cdCreditAXJCLT.gif,https://www.shinhancard.com/pconts/html/card/apply/credit/1211550_2207.html
신한카드,#Pay 신한카드,2021.07.01,국내 카드,2만7천원,비자 카드,3만원,,,간편결제 적립,7개 간편결제(Pay)로 국내 거래시 5% 마이신한포인트 적립,온/오프라인 이용 시 적립,통합 할인한도 안내,,,,,,,,,,,,https://www.shinhancard.com/pconts/images/contents/card/plate/cdCreditAXICIY.png,https://www.shinhancard.com/pconts/html/card/apply/credit/1211510_2207.html
신한카드,신한카드 알뜰More(알뜰모아),2022.11.18,국내 카드,2만원,비자 카드,2만3천원,,,알뜰폰 통신요금 할인,"알뜰폰 통신요금 자동이체 시, 월 1회 할인 적용
		전월실적에 따라 최대 1만 5천원 할인",,,,,,,,,,,,,,https://www.shinhancard.com/pconts/images/contents/card/plate/cdCreditBOAD16.png,https://www.shinhancard.com/pconts/html/card/apply/credit/1219175_2207.html
신한카드,위버스 신한카드(BTS),2021.06.24,국내 카드,3만5천원,아메리칸 익스프레스 카드,3만5천원,,,Weverse 적립,,,생활 적립,,,HYBE INSIGHT 할인,,,Gift 서비스,,,,,,https://www.shinhancard.com/pconts/images/contents/card/plate/cdCreditBRACHY.png,https://www.shinhancard.com/pconts/html/card/apply/credit/1210863_2207.html
신한카드,신한카드 Deep Oil,2018.02.13,마스터 카드,1만3천원,에스앤 카드,1만원,,,주유 할인,"4개의 정유사(GS칼텍스, SK에너지, S-OIL, 에이치디현대오일뱅크) 중 직접 고른 1개 정유사 주유 이용금액 10% 결제일 할인",,차량 할인,정비소(스피드메이트) 10% 결제일 할인,주차장 이용금액 10% 결제일 할인,생활 할인,"편의점(GS25, CU) 5% 결제일 할인","커피(스타벅스, 이디야) 5% 결제일 할인",영화 할인,롯데시네마 일반관 5천원 현장 할인,,통합할인한도,할인서비스 별 월 이용금액 한도 및 월 제공횟수 한도 안내,,https://www.shinhancard.com/pconts/images/contents/card/plate/cdCreaditBIABE0.png,https://www.shinhancard.com/pconts/html/card/apply/credit/1188274_2207.html
신한카드,수소차 충전할인 신한카드,2022.04.29,국내 카드,2만원,마스터 카드,2만3천원,,,수소차 충전 할인,,,차량 서비스 할인,주차장 업종 10% 할인,"자동차SVC(정비, 세차) 업종 10% 할인",생활편의 서비스 할인,"이마트, 홈플러스, 롯데마트 5% 할인","GS25, CU, 세븐일레븐 5% 할인",배달앱 할인,,,,,,https://www.shinhancard.com/pconts/images/contents/card/plate/cdCreditBTACX4.png,https://www.shinhancard.com/pconts/html/card/apply/credit/1216901_2207.html
신한카드,티머니 Pay & GO 신한카드,2022.02.16,국내 카드,1만5천원,마스터 카드,1만8천원,,,교통서비스 할인(모바일티머니),,,교통서비스 할인(티머니GO),,,생활서비스 할인,,,,,,,,,https://www.shinhancard.com/pconts/images/contents/card/plate/cdCreditCAICV2.png,https://www.shinhancard.com/pconts/html/card/apply/credit/1216792_2207.html
신한카드,아시아나 신한카드 Air 1.5,2017.04.05,마스터 카드,4만5천원,국내 카드,4만3천원,,,마일리지 적립,아시아나 마일리지 적립,국내/해외 가맹점 이용금액 1천원당 1.5마일리지 적립,적립안내,마일리지 적립 세부 안내,,Platinum,국제 브랜드사 서비스(플래티늄 등급 선택 시 제공),,,,,,,,https://www.shinhancard.com/pconts/images/contents/card/plate/cdCreditBFAB8J.png,https://www.shinhancard.com/pconts/html/card/apply/credit/1188278_2207.html
신한카드,신한카드 MY CAR,2020.07.07,국내 카드,2만7천원,마스터 카드,3만원,,,자동차 신용결제 구매 캐시백,일시불/단기할부(12개월 미만 신용카드 할부) 이용 시 0.2% 캐시백,,자동차 오토금융(장기할부) 구매 캐시백,오토금융/장기할부(12개월 이상 신용카드 할부) 이용 시 월 최대 4만원 캐시백,,주유/충전/전기차 할인,전국 모든 주유소 이용금액 리터당 80원 할인,전국 모든 충전소 이용금액 리터당 40원 할인,차량 이용 할인,4대 정비업체 연 최대 4만원 할인,전국 모든 주차장 월 최대 4천원 할인,커피 할인,전국 모든 커피전문점 월 최대 2천원 할인,,https://www.shinhancard.com/pconts/images/contents/card/plate/cdCreditBPAC88.png,https://www.shinhancard.com/pconts/html/card/apply/credit/1197177_2207.html
신한카드,신한카드 국민행복,2021.02.04,국내 카드,없음,비자 카드,없음,,,국가바우처,"국가가 특정 복지 대상자에게 의료, 육아, 교육, 문화 등의 복지서비스를 지원하는 각종 보조금으로, 자격확인 절차 후 국민행복 카드를 통해 지원금을 이용할 수 있는 서비스",바우처 이용 시점에 정상 카드 보유 시 혜택 제공,병원/약국 할인,,,온라인몰 할인,,,교육 할인,,,밀딜리버리 할인,,,https://www.shinhancard.com/pconts/images/contents/card/plate/cdCreditCBSCEY.png,https://www.shinhancard.com/pconts/html/card/apply/credit/1200235_2207.html
신한카드,IKEA for Business with 신한카드,2021.04.12,국내카드,2만7천원,비자카드,3만원,,,IKEA 특별 할인,,,IKEA 점외 가맹점 할인,사업성 경비 이용 시 이용금액의 5% 결제일 할인,IKEA/사업성 경비를 제외한 국내외 모든 가맹점 이용 시 0.3% 결제일 할인,,,,,,,,,,https://www.shinhancard.com/pconts/images/contents/card/plate/cdCreditBOACFX.png,https://www.shinhancard.com/pconts/html/card/apply/credit/1201015_2207.html
신한카드,신한카드 YaY,2020.05.19,국내 카드,2만3천원,비자 카드,2만6천원,,,마리아쥬 서비스 적립,OTT 30% 포인트 적립,밀딜리버리 최대 30% 포인트 적립(기본 15%+추가 15%),온라인쇼핑 지원 적립,"온라인 쇼핑몰 최대 12,500P 적립",,홈DIY 적립,홈게임방 10% 포인트 적립,홈바/홈카페 10% 포인트 적립,,,,모바일 단독 카드,모바일 단독 카드 소개 및 카드정보 확인 방법 안내,,https://www.shinhancard.com/pconts/images/contents/card/plate/cdCreditAXGC75_VISA.gif,https://www.shinhancard.com/pconts/html/card/apply/credit/1196674_2207.html
신한카드,신한카드 My TeenS,2021.07.07,국내 카드,1천원,,,,,GS POP 서비스,GS25 행사상품 현장 즉시 할인 및 추가 증정 행사,"GS&POINT 적립
        GS리테일 이용 시 적립",기프티콘 서비스,"이용 금액 구간별 모바일 기프티콘 발송
        GS25 2천원/4천원/6천원",,카드 결제 가능 영역,"기본생활
        
교통, 병원/약국, 카페/음식점, 배달앱(배달의민족, 요기요, 쿠팡이츠)","자녀교육
        
학원, 서점, 스터디카페",카드 결제 이용 한도,"기본 한도 
        
월 10만원(일시불, 할부 이용 가능)","추가 한도
        
월 최대 50만원까지 1만원 단위 설정 가능",,,,https://www.shinhancard.com/pconts/images/contents/card/plate/cdCreditBSACIO.png,https://www.shinhancard.com/pconts/html/card/apply/credit/1210370_2207.html
신한카드,신한카드 RPM+ Platinum#,2016.04.27,유니온페이 카드,3만2천원,비자 카드,3만5천원,,,주유소/충전소 적립,모든 주유소 40~150 포인트/모든 충전소 10~50 포인트 적립,,특별 적립,백화점/할인점/전자상거래/편의점/택시/홈쇼핑/온라인몰/정비소 1~5% 적립,,일반 적립,모든 가맹점 0.2~2% 적립,,포인트 적립,포인트 적립 기준 안내,,Platinum#,인천공항 우대 서비스,주요지역 주차장 무료이용 서비스,https://www.shinhancard.com/pconts/images/contents/card/plate/cdCreditAFLAWV.png,https://www.shinhancard.com/pconts/html/card/apply/credit/1187945_2207.html
신한카드,신한카드 Air One,2019.05.23,아메리칸 익스프레스 카드,5만1천원,에스앤 카드,4만9천원,,,마일리지 적립,대한항공 마일리지 적립,"국내 일시불·할부, 해외 일시불 이용금액 1천원당 1마일리지 적립",적립안내,마일리지 적립 세부 안내,이용금액 실적 산정기준 세부 안내,Platinum,국제 브랜드사 서비스(플래티늄 등급 선택 시 제공),,,,,,,,https://www.shinhancard.com/pconts/images/contents/card/plate/cdCreaditBFBBQ0.png,https://www.shinhancard.com/pconts/html/card/apply/credit/1187901_2207.html
신한카드,신한카드 혼디모앙,2021.03.17,국내 카드,3만원,비자 카드,3만3천원,,,베이직 서비스,전 가맹점 0.2% 기본 적립,제주지역 최대 0.6% 추가 적립,제주 특화 서비스,대형마트/지역유통점 3~10% 적립,주유/전기차 충전소 5~30% 적립,온라인쇼핑 할인,"온라인 쇼핑몰 2,500원 할인
        G마켓, 11번가, 쿠팡",,생활 할인,대중교통 10% 할인,통신비 5% 할인,,,,https://www.shinhancard.com/pconts/images/contents/card/plate/cdCreditBOACF4.png,https://www.shinhancard.com/pconts/html/card/apply/credit/1200745_2207.html
신한카드,땡겨요 신한카드,2022.02.03,국내 카드,1만5천원,비자 카드,1만8천원,,,땡겨요 앱 적립,"땡겨요 앱 이용금액 마이신한포인트 10% 적립
        1일 최대 2천 포인트 적립",,편의점 적립,"편의점 이용금액 마이신한포인트 5% 적립
        
1일 최대 500 포인트 적립",,,,,,,,,,,https://www.shinhancard.com/pconts/images/contents/card/plate/cdCreditBOBCT2.png,https://www.shinhancard.com/pconts/html/card/apply/credit/1215112_2207.html
신한카드,신한카드 Deep Dream,2017.09.22,비자 카드,1만원,유니온페이 카드,8천원,,,모두드림,전월 실적/적립한도 없이 국내/외 신판(일시불+할부)이용 가맹점 0.7% 포인트 적립,,더해드림,자주 가는 DREAM 영역은 기본의 3배(총 2.1%) 포인트 적립,,챙겨드림,DREAM 영역 중 가장 많이 이용한 영역은 기본의 5배(총 3.5%) 포인트 자동적립,,DREAM 영역,할인점/편의점&잡화/영화&커피/해외/이동통신 영역,,아껴드림,"주말(토,일) 전 주유소 리터당 80원 적립","매 월 택시 3, 6, 9회째 이용할 때마다 2천원 할인",https://www.shinhancard.com/pconts/images/contents/card/plate/cdCreaditBJABE3.png,https://www.shinhancard.com/pconts/html/card/apply/credit/1188220_2207.html
신한카드,신한카드 Deep Dream Platinum+,2018.07.26,비자 카드,3만3천원,유니온페이 카드,3만원,,,모두드림,적립한도 없이 국내/외 가맹점 이용금액(일시불+할부) 전월 이용금액별 0.7~1.1% 기본 포인트 적립,,더해드림,DREAM영역은 기본의 3배(2.4~3.3%) 포인트 적립,,챙겨드림,DREAM영역 중 가장 많이 이용한 영역은 기본의 5배(4.0~5.5%) 포인트 자동적립,,DREAM 영역,백화점&할인점/편의점&잡화/영화&커피&골프/해외/이동통신 영역,,아껴드림,"주말(토, 일) 전 주유소 리터당 80원 적립","매 월 택시 3, 6, 9회째 이용할 때마다 2천원 할인",https://www.shinhancard.com/pconts/images/contents/card/plate/cdCreaditBJCBLP.png,https://www.shinhancard.com/pconts/html/card/apply/credit/1188277_2207.html
신한카드,신한카드 Deep Store,2018.07.10,마스터 카드,1만6천원,에스앤 카드,1만3천원,,,생활쇼핑 할인,생활쇼핑 가맹점 기본 10% 할인,생활쇼핑 가맹점 1회 이용금액 5만원 이상 시 추가 5% 할인(총 15% 할인),커피/제과점 할인,커피전문점/제과점 업종 10% 할인,,주말 할인,주말 복합 쇼핑몰 10% 할인,주말 3대마트 10% 할인,해외 적립,Master브랜드 선택 시 해외서비스 수수료 0.18% 마이신한포인트 적립,,통합할인한도,전월 이용실적에 따른 통합할인한도 부여,,https://www.shinhancard.com/pconts/images/contents/card/plate/cdCreaditBCBBLO.png,https://www.shinhancard.com/pconts/html/card/apply/credit/1188279_2207.html
신한카드,신한카드 Deep Making,2019.07.11,비자 카드,3만원,유알에스 카드,3만원,,,Making 17 서비스,"17개 서비스 영역 중 포인트 적립받을 영역과 적립률을 직접 선택
        
1개 영역에 대해 1~5%까지(1% 단위) 적립률 선택이 가능하며 선택영역 적립률의 합은 총 17%입니다.

총 17%는 선택영역 적립률 숫자의 단순 합(고객설정값)으로 사용금액 대비 17% 적립을 의미하지 않습니다.",,Making 17 서비스 영역 안내,쇼핑/여행/푸드/생활 영역 별 대상 가맹점 안내,,My Pick 서비스,"My Pick 가맹점 선택하여 월 3,6,9번째 이용시마다 마이신한포인트 2천 포인트 적립",,,,,Platinum,국제 브랜드사 서비스(플래티늄 등급 선택 시 제공),,https://www.shinhancard.com/pconts/images/contents/card/plate/cdCreaditBLABSJ.png,https://www.shinhancard.com/pconts/html/card/apply/credit/1188286_2207.html
신한카드,신한카드 Deep Taking,2019.07.11,비자 카드,2만원,유알에스 카드,2만원,,,Taking 10,"17개 서비스 영역 중 월별 이용금액이 많은 최대 5개 영역에 자동으로 포인트 적립
        
17개 서비스 영역에서 금액 기준으로 월별(1일~말일) 가장 많이 이용한 5개 영역에 대해 각 2%씩 자동으로 적립",,Taking 10 영역안내,쇼핑/여행/푸드/생활 영역 별 대상 가맹점 안내,,My Pick,"My Pick 가맹점 월 3, 6, 9번째 이용시마다 마이신한포인트 1천 포인트 적립",,,,,Platinum,국제 브랜드사 서비스(플래티늄 등급 선택 시 제공),,https://www.shinhancard.com/pconts/images/contents/card/plate/cdCreaditBLBBSK.png,https://www.shinhancard.com/pconts/html/card/apply/credit/1188287_2207.html
신한카드,신한카드 Deep On Platinum+,2018.07.26,마스터 카드,3만3천원,유니온페이 카드,3만원,,,간편결제 할인,10대 간편결제(Pay)이용 시 10% 할인,"온라인배달, 온라인슈퍼 이용 시 추가 10% 할인",편의점 할인,"GS25, CU, 세븐일레븐, 이마트24 20% 할인",,생활 할인,"올리브영, 다이소 20% 할인",,커피 할인,"스타벅스, 투썸플레이스 20% 할인",,월납 할인,"쿠팡/위메프 정기배송, 프레딧, 리디북스 20% 할인",,https://www.shinhancard.com/pconts/images/contents/card/plate/cdCreaditAXDBMR.png,https://www.shinhancard.com/pconts/html/card/apply/credit/1188280_2207.html
신한카드,신한카드 Deep Once,2020.01.30,국내 카드,2만원,마스터 카드,2만3천원,,,렌탈 적립,10개 렌탈사 자동이체 이용 시 최대 7천 마이신한포인트 적립,,생활월납 적립,7개 생활월납 자동이체 이용 시 최대 6천 마이신한포인트 적립,,디지털 구독 적립,7개 디지털 구독 서비스 정기결제 이용 시 최대 6천 마이신한포인트 적립,,,,,,,,https://www.shinhancard.com/pconts/images/contents/card/plate/cdCreaditBNAC46.png,https://www.shinhancard.com/pconts/html/card/apply/credit/1192802_2207.html
신한카드,신한카드 Deep Once Plus,2020.01.30,국내 카드,2만7천원,마스터 카드,3만원,,,렌탈 적립,10개 렌탈사 자동이체 이용 시 최대 7천 마이신한포인트 적립,,생활월납 적립,7개 생활월납 자동이체 이용 시 최대 6천 마이신한포인트 적립,,디지털 구독 적립,7개 디지털 구독 서비스 정기결제 이용 시 최대 6천 마이신한포인트 적립,,Plus 적립,"커피(업종), 편의점(업종), 해외(온/오프라인) 이용 시 최대 3천 마이신한포인트 적립",,,,,https://www.shinhancard.com/pconts/images/contents/card/plate/cdCreaditBNBC47.png,https://www.shinhancard.com/pconts/html/card/apply/credit/1192801_2207.html
신한카드,신한카드 YOLO ⓘ,2016.05.02,국내 카드,1만5천원,비자 카드,1만8천원,,,YOLOⓘ  할인,"6개 선택처에 대해 할인율 선택(20% → 1개, 15% → 2개, 10% → 3개) 시, 해당 할인율로 청구할인 적용됩니다.","할인율 미선택시에는 20%-편의점, 15%-커피/베이커리, 10%-택시/소셜커머스/영화가 선택됩니다.",모바일 쿠폰,신한카드 YOLOⓘ 카드로 분기별 일시불+할부 누적 이용금액 250만원 이상인 고객에 대하여 분기 익월 말에 스타벅스 아메리카노 모바일 쿠폰을 일괄 발송 해드립니다.,"분기별, 모바일 쿠폰 1매/연 최대 4매 제공됩니다.",통합할인한도,"카드 사용 전월의 일시불, 할부 사용액에 따라 할인한도가 결정됩니다.","YOLOⓘ 할인 서비스는 무이자할부/슬림할부 이용거래는 적용되지 않으며, 타 할인행사와는 중복 적용되지 않습니다.",,,,,,,https://www.shinhancard.com/pconts/images/contents/card/plate/cdCreaditAYAAZF.png,https://www.shinhancard.com/pconts/html/card/apply/credit/1187924_2207.html
신한카드,신한카드 B.Big(삑),2015.02.10,비자 카드,1만3천원,에스앤 카드,1만원,유니온페이 카드,1만원,"교통(버스, 지하철) 할인","버스, 지하철 후불 교통 이용 금액 일 200원~일 600원 할인","전국 신한카드 후불 교통 서비스 지역에서 버스, 지하철 할인","교통(택시, KTX) 할인","택시, KTX 이용 금액 10% 할인","전국 신한카드 후불 교통/비교통 카드 모두 서비스 제공(단, 비교통 카드일 경우 일반 MS거래 필요)",영화 할인,영화 할인 서비스,"CGV 영화 월 1회, 최대 4천원 결제일 할인",전기/통신/해외이용 캐시백,"전기요금, 통신요금, 해외이용금액 5% 캐시백",해당 카드로 전년도 일시불+할부 이용금액 10백만원 이상인 고객에 대하여 캐시백 제공(연 1회),통합 할인,자주 가는 생활친화 가맹점 통합할인 서비스,"커피전문점(스타벅스, 커피빈, 엔젤리너스, 카페베네) 10% 할인",https://www.shinhancard.com/pconts/images/contents/card/plate/cdCreaditATAAMK.png,https://www.shinhancard.com/pconts/html/card/apply/credit/1187938_2207.html
신한카드,신한카드 Mr.Life,2015.09.03,비자 카드,1만8천원,에스앤 카드,1만5천원,,,월납(공과금) 할인,"전기요금, 도시가스요금, 통신요금 할인",,TIME 할인,"365일 24시간 10% 할인서비스(편의점, 병원/약국, 세탁소 업종)","오후 9시~오전9시 10% 할인서비스(온라인 쇼핑, 택시, 식음료 업종)",주말 할인,3대 마트 10% 할인,4대 정유사 리터당 60원 할인,특화 서비스,인테이크몰(www.shopintake.com)에서 Mr.Life로 결제 시 20% 할인,,,,,https://www.shinhancard.com/pconts/images/contents/card/plate/cdCreditAUAARH.png,https://www.shinhancard.com/pconts/html/card/apply/credit/1187937_2207.html
신한카드,신한카드 Hi-Point,2008.03.12,유알에스 카드,8천원,유니온페이 카드,8천원,제이시비 카드,1만원,잘 가는 곳 적립,"쇼핑/해외/이동통신 이용금액 1~5% 적립
                                                                
쇼핑: 롯데백화점, 현대백화점, 롯데마트, 이마트, 홈플러스, 토이저러스, CJ오쇼핑, CJmall
해외/이동통신: SKT, KT, LG U+ 이동통신요금 자동이체


백화점/할인점 문화센타 등 비 쇼핑항목 및 온라인매장은 적립 제외, 할인점 계열 SSM 슈퍼마켓은 대상 제외, CJ오쇼핑 및 CJmall 상품권 구매건 제외
이동통신 결제금액 기준 월 10만원 한도(10만원 초과 결제건 이후의 추가 결제 건에 대해서는 0.2~2% 적립률 적용)",,어디서나 적립,"국내 어디서나 이용한 일시불·할부 금액 0.2~2% 적립
                                                                
쇼핑/해외/통신 적립, 주유 적립과는 중복 적립 불가",,주유 적립,"S-Oil, 에이치디현대오일뱅크 리터당 60원 적립","주유사별 월 2회, 주유금액 20만원까지 적립",포인트 적립,마이신한포인트는 월 최대 5만원까지 적립(해당월 총 청구금액 기준/가족카드 및 복수카드 통합한도),전월 일시불/할부 사용액에 따라 당월 각 사용 건에 대한 적립률이 결정(당월 결제일에 청구되는 금액에 대한 적립률 아님),포인트 사용처,백화점/할인점/컬쳐랜드 상품권 교환,대한항공/아시아나 마일리지 전환,https://www.shinhancard.com/pconts/images/contents/card/plate/cdCreaditAFA00A.png,https://www.shinhancard.com/pconts/html/card/apply/credit/1187943_2207.html
신한카드,신한카드 Simple+,2015.07.22,비자 카드,1만3천원,마스터 카드,1만3천원,에스앤 카드,1만원,전가맹점 캐시백,전 가맹점 0.7% 캐시백,이동통신요금 자동이체 추가 0.7% 캐시백,잔돈 할인,생활친화가맹점 잔돈 할인,,영화 할인,"CGV, 메가박스 영화 예매 최대 3,000원 할인",,,,,,,,https://www.shinhancard.com/pconts/images/contents/card/plate/cdCreaditBA7AQ7.png,https://www.shinhancard.com/pconts/html/card/apply/credit/1188272_2207.html
신한카드,신한카드 Shopping,2016.05.31,비자 카드,2만3천원,에스앤 카드,2만원,,,쇼핑 할인,"5대 백화점 10% 할인(롯데, 현대, 신세계, 갤러리아, AK 백화점)","5대 마트 10% 할인(이마트, 홈플러스, 롯데마트, 메가마트, 탑마트)",생활 할인,"커피전문점 10% 할인(스타벅스, 커피빈, 카페베네, 엔제리너스, 투썸플레이스)","잡화 10% 할인(올리브영, 다이소)",해외이용 캐시백,"해당카드로 전년도 국내이용금액(일시불+할부) 1천만원 이상인 고객에 대하여, 연간 해외 일시불 이용금액의 5% 캐시백 제공 (년 1회, 최대 5만원)",,제휴 할인,"마켓컬리, 프레딧, 집반찬연구소 10% 할인",,,,,https://www.shinhancard.com/pconts/images/contents/card/plate/cdCreaditBCAAZX.png,https://www.shinhancard.com/pconts/html/card/apply/credit/1187935_2207.html
신한카드,신한 햇살론카드,2021.10.27,국내 카드,5천원,,,,,생활쇼핑 할인,,,커피/제과점 할인,,,주말 할인,주말 복합 쇼핑몰 10% 결제일 할인,주말 3대 할인점 10% 결제일 할인,,,,,,,https://www.shinhancard.com/pconts/images/contents/card/plate/cdCreditBOACOH.png,https://www.shinhancard.com/pconts/html/card/apply/credit/1212999_2207.html
신한카드,신한카드 Edu,2017.02.20,마스터 카드,2만3천원,에스앤 카드,2만원,,,교육 캐시백,"교육업종(일반전문학원, 학습지, 유치원) 5~10% 캐시백",교육업종 이용 건수에 따라 3~5천원 추가 캐시백,아파트 관리비 캐시백,교육업종 결제 및 아파트 관리비 결제 동시 충족시 5천원 캐시백,,생활 캐시백,"3대 마트(홈플러스, 이마트, 롯데마트) 이용시 1% 캐시백","의료업종(병원, 약국) 이용시 1% 캐시백",,,,,,,https://www.shinhancard.com/pconts/images/contents/card/plate/cdCreaditBDAB6R.png,https://www.shinhancard.com/pconts/html/card/apply/credit/1188281_2207.html
신한카드,신한카드 주거래 신용,2015.10.26,유니온페이 카드,1만5천원,비자 카드,1만8천원,,,기본 적립,"전가맹점 0.7%포인트 적립
                                                                전월 실적 30만원 이상 시 제공",전가맹점은 신한카드에 등록된 가맹점에 한함,신한은행 결제계좌 연결 서비스,"쇼핑, 해외 가맹점 1.3% 추가 포인트 적립(총 2%)
                                                                3대 할인점, 3대 백화점, 3대 온라인몰, 3대 소셜커머스 및 해외 가맹점 1.3% 추가적립","생활 가맹점 3.3% 추가 포인트 적립(총 4%)
                                                                이동통신요금 자동이체 거래건, 버스/지하철 후불교통카드 이용금액, 도시가스 이용 금액",이용금액 조건,이용 금액 조건,포인트 적립 안내,주거래 Package,신한 주거래 우대통장,신한 주거래 우대적금,,,,https://www.shinhancard.com/pconts/images/contents/card/plate/cdCreaditAWAAV8.png,https://www.shinhancard.com/pconts/html/card/apply/credit/1187942_2207.html
신한카드,신한카드 Air Platinum#,2015.07.30,비자 카드,4만원,마스터 카드,4만원,유알에스 카드,3만7천원,마일리지 적립,대한항공 마일리지/아시아나항공 마일리지(택1),"대한항공: 전 가맹점 일시불, 할부 이용액 1,500원당 1마일리지 적립",마이신한포인트 적립,마이신한포인트 추가 적립,골프장/해외일시불/주유/쇼핑/요식 이용 금액 마이신한포인트 추가 적립,Platinum#,인천공항 우대 서비스,주요지역 주차장 무료이용 서비스,Platinum,국제 브랜드사 서비스(플래티늄 등급 선택 시 제공),,,,,https://www.shinhancard.com/pconts/images/contents/card/plate/cdCreaditAFJAPT.png,https://www.shinhancard.com/pconts/html/card/apply/credit/1187946_2207.html
신한카드,신한카드 Lesson Platinum#,2012.04.17,유알에스 카드,2만7천원,아메리칸 익스프레스 카드,3만원,,,교육할인,"LESSON I: 자녀 교육에 필요한 학원, 학습지, 독서실 업종 5% 할인","LESSON II: 자녀 감성발달에 필요한 문화센터, 수영장, 스포츠센터, 볼링장, 테니스장 5% 할인",잔돈할인,COIN-SAVE 잔돈 할인,자주가는 생활친화 가맹점에서 건당 1만원 이상 결제 시 1천원 미만의 잔돈은 할인,문화센터 찾기,검색하시고자하는 가맹점을 찾기,,Platinum#,인천공항 우대 서비스,주요지역 주차장 무료이용 서비스,Platinum,국제 브랜드사 서비스(플래티늄 등급 선택 시 제공),,https://www.shinhancard.com/pconts/images/contents/card/plate/cdCreaditBA69LH.png,https://www.shinhancard.com/pconts/html/card/apply/credit/1188299_2207.html
신한카드,신한카드 Simple Platinum#,2013.07.09,비자 카드,3만원,유알에스 카드,2만7천원,유니온페이 카드,2만7천원,가맹점 캐시백,전가맹점 1% 캐시백,생활밀착 가맹점 추가 0.7% 캐시백,잔돈 할인,생활친화가맹점 잔돈 할인,,영화 할인,"CGV, 메가박스 영화 예매 최대 3,000원 할인",,테마파크 할인,서울랜드 본인 자유이용권 50% 할인,,Platinum#,인천공항 우대 서비스,주요지역 주차장 무료이용 서비스,https://www.shinhancard.com/pconts/images/contents/card/plate/cdCreaditBA7A3X.png,https://www.shinhancard.com/pconts/html/card/apply/credit/1188273_2207.html
신한카드,신한카드 Cube Platinum#,2013.03.19,비자 카드,3만5천원,마스터 카드,3만5천원,유알에스 카드,3만2천원,선택 할인,"선택서비스 10개 중 5개, 5% 할인","전월 카드 사용금액에 따라 5천원에서7만원 까지 생활 필수 영역 중 직접 선택한 5개 서비스에서 5% 할인 서비스 제공(단, 주유 서비스는 리터당 60원 할인 제공)
                                                                서비스 미선택시에는 ‘병원/약국’, ‘백화점’, ‘할인점’, ‘이동통신’, ‘택시/KTX’ 자동 선택",잔돈 할인,건 당 결제금액의 1천원 미만의 잔돈 할인,"모든 영역에서 2만원 이상 결제 시, 잔돈 할인",통합할인한도,전월 카드 사용금액에 따라 5천원~7만원 통합할인한도 제공,,Platinum#,인천공항 우대 서비스,주요지역 주차장 무료이용 서비스,Platinum,국제 브랜드사 서비스(플래티늄 등급 선택 시 제공),,https://www.shinhancard.com/pconts/images/contents/card/plate/cdCreaditAPB9YL.png,https://www.shinhancard.com/pconts/html/card/apply/credit/1188282_2207.html
신한카드,신한카드 Love Platinum#,2011.05.05,마스터 카드,5만원,,,,,쇼핑 할인,"현대, 롯데, 신세계, 갤러리아 5% 할인","이마트, 롯데마트, 홈플러스 5% 할인",쇼핑 무이자할부,"현대, 롯데, 신세계, 갤러리아 2~3개월 무이자할부","이마트, 롯데마트, 홈플러스 2~3개월 무이자할부",주유 할인,GS칼텍스 리터당 60원 할인,,요식/커피 할인,패밀리레스토랑 20~30% 할인,스타벅스 20% 할인,영화 할인,"CGV, 메가박스 7천원 할인",,https://www.shinhancard.com/pconts/images/contents/card/plate/cdCreaditBA69LG.png,https://www.shinhancard.com/pconts/html/card/apply/credit/1188301_2207.html
신한카드,GS칼텍스 신한카드 Shine,2010.10.01,국내 카드,7천원,유니온페이 카드,7천원,유알에스 카드,7천원,주유 할인,GS칼텍스 주유시 60~100원/ℓ 할인,,대중교통 할인,"버스, 지하철, 택시 3~7% 할인",,테마파크 할인,"롯데월드, 서울랜드, 에버랜드, 케리비안베이 할인",,영화 할인,CGV/메가박스 온라인 영화 할인,,Platinum,국제 브랜드사 서비스(플래티늄 등급 선택 시 제공),,https://www.shinhancard.com/pconts/images/contents/card/plate/cdCreaditBAE07H.png,https://www.shinhancard.com/pconts/html/card/apply/credit/1187941_2207.html
신한카드,신한카드 후불하이패스+ (하이패스 전용),2016.02.03,국내카드,2천원,,,,,하이패스 적립,하이패스 이용요금의 0.1% 마이신한포인트 적립,,하이패스 할인,출퇴근시간대(월~금) 통행료 20%~50% 자동할인(민자도로 제외),"판교 ↔ 청계, 판교 ↔ 성남, 연계통행료 자동 면제",하이패스 이용안내,후불하이패스+(하이패스 전용) 카드 안내,,,,,,,,https://www.shinhancard.com/pconts/images/contents/card/plate/cdCreaditCAEAXA.png,https://www.shinhancard.com/pconts/html/card/apply/credit/1188219_2207.html
신한카드,신한카드 후불하이패스+(SIM형),2016.02.03,국내카드,2천원,,,,,하이패스 적립,하이패스 이용요금의 0.1% 마이신한포인트 적립,,하이패스 할인,출퇴근시간대(월~금) 통행료 20~50% 자동할인(민자도로 제외),"판교 ↔ 청계, 판교 ↔ 성남, 연계통행료 자동 면제",하이패스 이용안내,후불하이패스+(SIM형) 카드 안내,,,,,,,,https://www.shinhancard.com/pconts/images/contents/card/plate/cdCreditCAEB1Z.png,https://www.shinhancard.com/pconts/html/card/apply/credit/1200755_2207.html
신한카드,(배민커넥트) 신한카드 Deep Oil,2018.02.13,마스터 카드,1만3천원,에스앤 카드,1만원,,,주유 할인,"4개의 정유사(GS칼텍스, SK에너지, S-OIL, 에이치디현대오일뱅크) 중 직접 고른 1개 정유사 주유 이용금액 10% 결제일 할인",,차량 할인,정비소(스피드메이트) 10% 결제일 할인,주차장 이용금액 10% 결제일 할인,생활 할인,"편의점(GS25, CU) 5% 결제일 할인","커피(스타벅스, 이디야) 5% 결제일 할인",영화 할인,롯데시네마 일반관 5천원 현장 할인,,통합할인한도,할인서비스 별 월 이용금액 한도 및 월 제공횟수 한도 안내,,https://www.shinhancard.com/pconts/images/contents/card/plate/cdCreditBIAD0I.png,https://www.shinhancard.com/pconts/html/card/apply/credit/1217594_2207.html
신한카드,BC 부자되세요 홈쇼핑 신한카드,2015.11.23,유니온페이 카드,7천원,,,,,홈쇼핑 할인,"6대 홈쇼핑(CJ 오쇼핑, GS SHOP, NS홈쇼핑, 롯데홈쇼핑, 현대홈쇼핑, 홈&쇼핑) 이용금액의 6% 결제일 할인",,생활 할인,"패밀리레스토랑(아웃백, VIPS, TGIF) 20% 결제일 할인","커피 전문점(스타벅스, 커피빈, 카페베네, 탐앤탐스, 투썸플레이스) 15% 결제일 할인",,,,,,,,,,https://www.shinhancard.com/pconts/images/contents/card/plate/cdCreaditZAKAUJ.png,https://www.shinhancard.com/pconts/html/card/apply/credit/1188308_2207.html
신한카드,신한카드 아름다운,2005.06.01,비씨카드,5천원,,,,,아름포인트 적립,기부전용 포인트인 아름 포인트 적립,"모든 가맹점 이용금액의 0.5% 적립(일시불, 할부)",아름포인트 사용,아름인(arumin.shinhancard.com)홈페이지에서 기부처를 자유롭게 선택,,아름다운 서비스,스타벅스 컵 사이즈 UP-Grade 서비스,"3, 6, 9 숫자가 들어있는 날에 제휴 주유소 이용 시 마이신한포인트 적립",,,,,,,https://www.shinhancard.com/pconts/images/contents/card/plate/cdCreaditAJA00J.png,https://www.shinhancard.com/pconts/html/card/apply/credit/1188300_2207.html
신한카드,신한카드 아이행복,2015.01.02,에스앤 카드,없음,,,,,아이행복카드란,아이사랑카드(보육료 지원)와 아이즐거운카드(유아학비 지원)가 통합,보육료: 만 0~5세 자녀를 어린이집에 보내는 경우,병원/약국 할인,병원/약국 업종 5% 할인,,할인점 할인,"이마트, 홈플러스, 롯데마트 5% 할인",,온라인몰 할인,"G마켓, 옥션, 11번가 5% 할인",,이동통신 할인,이동통신(SKT/KT/LGU+) 자동이체요금 5% 할인,,https://www.shinhancard.com/pconts/images/contents/card/plate/cdCreaditCBOAMS.png,https://www.shinhancard.com/pconts/html/card/apply/credit/1188270_2207.html
신한카드,신한카드 Ownership,2010.01.25,국내 카드,1만원,비자 카드,1만5천원,비자 카드,2만5천원,포인트 적립,개인사업자를 위한 포인트 적립 서비스,"직전월 실적에 따라 마이신한포인트 0.3%,1.0%~5.0% 적립(월 5만원한정)",가맹점매출 포인트 적립,회원 명의의 가맹점 매출액(신한카드)의 최고 0.5% 포인트 적립(월 2만원 한정),CMA 결제계좌 지정 시 신판이용금액 0.2% 추가적립,포인트 사용,"Hi-Point 계열(신용,체크, MyShop) 유효카드 소지 고객의 마이신한포인트는 아래의 사용처에서 사용가능",주유 시 포인트 전액 결제가능,영화/테마파크 할인,"에버랜드, 롯데월드, 서울랜드 각각 1일 1회, 연 3회 할인","인터파크 1,500원 할인",쇼핑 무이자할부,롯데/현대/신세계/갤러리아 백화점 2~3개월 무이자 할부제공,롯데마트/이마트/홈플러스 2~3개월 무이자 할부 제공,https://www.shinhancard.com/pconts/images/contents/card/plate/cdCreaditAFG03J.png,https://www.shinhancard.com/pconts/html/card/apply/credit/1188416_2207.html
신한카드,E1 개인택시운송사업자 신한카드,2022.07.11,국내 카드,없음,마스터 카드,없음,,,E1 오렌지포인트 적립,,,E1 LPG 충전 할인,,,생활 할인,,,,,,,,,https://www.shinhancard.com/pconts/images/contents/card/plate/cdCreditCBDCXQ.png,https://www.shinhancard.com/pconts/html/card/apply/credit/1217024_2207.html
신한카드,신한카드 경차사랑 Life,2018.02.22,국내 카드,없음,비자 카드,없음,,,유류세 환급,유류세 환급분 결제일 할인,연간한도 30만원(2023년 12월 31일까지 시행),기타 할인,주유할인: 모든 주유소 및 충전소 80원/ℓ할인,"생활서비스: 편의점, 병원/약국, 커피전문점 10% 할인, 주말 3대 마트 5% 할인",,,,,,,,,,https://www.shinhancard.com/pconts/images/contents/card/plate/cdCreaditCBFBHB.png,https://www.shinhancard.com/pconts/html/card/apply/credit/1188377_2207.html
신한카드,신한카드 Hi-Point MyShop,2013.09.24,비자 카드,1만5천원,마스터 카드,1만5천원,유알에스 카드,1만원,포인트 적립,사업성 경비 포인트: 전월 실적에 따라 1~5% 적립,"카드 이용액의 최고 5% 포인트 적립
                                                                
사업성경비 가맹점 최고 5% 적립
일반가맹점 0.3%적립",포인트 사용처,"현대백화점, 갤러리아, 백화점 세이, 이마트, 홈플러스, 롯데마트,메가마트 각 백화점/마트 상품권 데스크에서 상품권으로 교환가능",주유 시 포인트 전액 결제 가능,카드론/현금서비스 우대,1년간 카드론/현금서비스 이자율 우대,카드론 이용 시 기준금리 대비 20% 할인,개인사업자 공통서비스,부가세 간편신고 서비스,무료 전자세금계산서 서비스,기타 할인,테마파크 자유이용권 50% 할인,캐리비안베이 입장권 30% 할인,https://www.shinhancard.com/pconts/images/contents/card/plate/cdCreaditAFI9U6.png,https://www.shinhancard.com/pconts/html/card/apply/credit/1188417_2207.html
신한카드,신한카드 EV,2017.09.11,마스터 카드,1만5천원,유니온페이 카드,1만2천원,,,전기차 충전 할인,충전요금 30~50% 결제일 할인,급속/완속/고정형/이동형 충전요금은 제휴사업자 충전기에 한함,하이패스 할인,"신한카드 EV의 전월 실적이 30만원 이상시, 도로공사 전기차 요금 할인이 적용된 신한 하이패스 거래건 10% 캐시백",월 할인한도 5천원,생활 할인,"편의점, 병원/약국(동물병원 제외) 10% 할인",3대마트(이마트/롯데마트/홈플러스) 주말 10% 할인,보험료 할인,현대해상 다이렉트를 통해 30만원 이상 결제 시 3만원 할인,,통합할인한도,생활서비스 통합할인한도,,https://www.shinhancard.com/pconts/images/contents/card/plate/cdCreaditBELBD7.png,https://www.shinhancard.com/pconts/html/card/apply/credit/1188380_2207.html
신한카드,신한카드 Hi-Point MyShop PLATINUM#,2013.09.24,비자 카드,3만원,마스터 카드,3만원,,,포인트 적립,사업성 경비 포인트: 전월 실적에 따라 1~5% 적립,"카드 이용액의 최고 5% 포인트 적립
                                                                
사업성경비 가맹점 최고 5% 적립
일반가맹점 0.3%적립",포인트 사용처,"현대백화점, 갤러리아, 백화점 세이, 이마트, 홈플러스, 롯데마트,메가마트 각 백화점/마트 상품권 데스크에서 상품권으로 교환가능",주유 시 포인트 전액 결제 가능,카드론/현금서비스 우대,1년간 카드론/현금서비스 이자율 우대,카드론 이용 시 기준금리 대비 20% 할인,개인사업자 공통서비스,부가세 간편신고 서비스,무료 전자세금계산서 서비스,Platinum#,인천공항 우대 서비스,주요지역 주차장 무료이용 서비스,https://www.shinhancard.com/pconts/images/contents/card/plate/cdCreaditAFIA7D.png,https://www.shinhancard.com/pconts/html/card/apply/credit/1188430_2207.html
신한카드,청년동행 신한카드 B.Big(삑),2018.06.29,비자 카드,1만3천원,유니온페이 카드,1만원,에스앤 카드,1만원,"교통(버스, 지하철) 할인","버스, 지하철 후불 교통 이용 금액 일 200원~일 600원 할인","전국 신한카드 후불 교통 서비스 지역에서 버스, 지하철 할인","교통(택시, KTX) 할인","택시, KTX 이용 금액 10% 할인","전국 신한카드 후불 교통/비교통 카드 모두 서비스 제공(단, 비교통 카드일 경우 일반 MS거래 필요)",영화 할인,"CGV, 메가박스 온라인 영화 예매 할인","CGV 영화 월 1회, 최대 4천원 결제일 할인",이용금액 캐시백,"전기요금, 통신요금, 해외이용금액 5% 캐시백",해당 카드로 전년도 일시불+할부 이용금액 10백만원 이상인 고객에 대하여 캐시백 제공(연 1회),통합 할인,자주 가는 생활친화 가맹점 통합할인 서비스,"4대 백화점(롯데, 현대, 신세계, 갤러리아) 5% 할인",https://www.shinhancard.com/pconts/images/contents/card/plate/cdCreaditATABN7.png,https://www.shinhancard.com/pconts/html/card/apply/credit/1188255_2207.html
신한카드,큰수레 비즈니스 신한카드 Simple+,2016.12.01,비자 카드,1만3천원,에스앤 카드,1만원,,,특화 서비스,"세무신고(부가세/소득세) 지원 서비스 제공
                                                                
나이스데이터㈜의 부가세 환급 시스템을 통해 지정한 지입사의 세무회계 프로그램에 자동 수신되어 별도 전표 증빙 없이 전자신고 가능",전자세금계산서 월 250건 무료 이용(나이스데이터㈜ 제공),전가맹점 캐시백,이동통신요금(SKT/KT/LGU+) 자동이체 건은 0.7% 추가 캐시백(총 1.4%),,잔돈할인,"생활친화가맹점 잔돈할인 서비스(Coin-Save)
                                                                
자주가는 생활친화 가맹점에서 건당 2만원 이상 10만원 미만 결제 시 1천원 미만의 잔돈은 할인 월 10회까지 제공(이후 거래는 캐시백 혜택으로 제공)
캐시백보다 우선 적용",,영화 할인,"인터파크 1,500원 할인: 일 2회(최대 4매), 월 4회, 연 12회",,,,,https://www.shinhancard.com/pconts/images/contents/card/plate/cdCreaditBA7B6D.png,https://www.shinhancard.com/pconts/html/card/apply/credit/1188432_2207.html
신한카드,신한카드 집,2019.03.08,비자 카드,1만5천원,에스앤 카드,1만2천원,,,주택임대료 할인,집카드 주택임대료 할인카드 특화 서비스,주택임대료 자동이체 시 5천원~1만5천원 결제일 할인,생활 할인,집카드 생활 할인카드 특화 서비스,"통신 및 인터넷, 보안업체 요금 자동이체 시 5천원~1만5천원 결제일 할인",기본 할인,아파트 관리비 자동이체 시 3천원 결제일 할인,결제계좌 신한은행 연결 시 2천원 추가 할인(최대 5천원),신한은행 우대 서비스,신한은행 전자금융으로 이용한 타은행 이체수수료 및 신한은행 CD/ATM을 이용한 신한은행 계좌 현금인출수수료 면제(월 10회),,,,,https://www.shinhancard.com/pconts/images/contents/card/plate/cdCreaditBE5BOX.png,https://www.shinhancard.com/pconts/html/card/apply/credit/1188410_2207.html
신한카드,국세청 복지 GS칼텍스 신한카드 Shine,2013.08.02,유알에스 카드,7천원,,,,,주유 할인,GS칼텍스 주유시 리터당 60~100원 할인,,대중교통 할인,후불교통카드 선택 시 대중교통 3%~7% 할인,,테마파크 할인,롯데월드/서울랜드/에버랜드/캐리비안베이 입장권 및 자유이용권 할인,,영화/뷰티/스포츠 할인,"CGV, 메가박스 영화 할인",뷰티 할인,추가 서비스,"학원비, 교육비 5%~10% 청구할인",전국 병원 및 약국 5% 청구할인,https://www.shinhancard.com/pconts/images/contents/card/plate/cdCreaditBAEA5X.png,https://www.shinhancard.com/pconts/html/card/apply/credit/1188401_2207.html
신한카드,국세청 복지 신한카드 Lady,2013.08.02,유알에스 카드,7천원,,,,,쇼핑 할인,3대 백화점 및 롯데마트 5% 결제일 할인(온라인 매장 제외),"GS아이슈퍼 3% 할인(월 1회, 최대 5천원)",주유 적립,S-OIL 주유 시 60포인트/ℓ 마이신한포인트 적립(LPG 제외),,테마파크 할인,"롯데월드, 서울랜드, 에버랜드, 캐리비안베이 입장권 및 자유이용권 할인",,식음료 할인,빕스/투썸플레이스 20% 할인,"아웃백, 불고기브라더스 20% 할인",생활 할인,"CGV, 메가박스 영화 할인",이동통신요금 2% 할인,https://www.shinhancard.com/pconts/images/contents/card/plate/cdCreaditABAA5W.png,https://www.shinhancard.com/pconts/html/card/apply/credit/1188403_2207.html
신한카드,공무원연금복지 GS칼텍스 신한카드 Shine,2015.07.22,비자 카드,1만2천원,에스앤 카드,7천원,,,생활비 할인,3대 마트 5% 결제일 할인,"VIPS, 아웃백, 피자헛, 불고기브라더스, 투썸플레이스, 카리부커피 10% 할인",주유할인,GS칼텍스 주유시 리터당 60~100원 할인,,기타서비스,유명 테마파크 할인,공연/영화 할인,,,,,,,https://www.shinhancard.com/pconts/images/contents/card/plate/cdCreaditBAEARC.png,https://www.shinhancard.com/pconts/html/card/apply/credit/1188427_2207.html
신한카드,공무원연금복지 SK에너지 신한카드 Oiling,2015.07.22,비자 카드,1만2천원,에스앤 카드,7천원,,,SK에너지 적립,SK에너지 주유 시 리터당 80~120포인트 적립,,대중교통 할인,"버스, 지하철, 택시 3~7% 할인",,기타 할인,유명 테마파크 할인,공연/영화 할인,,,,,,,https://www.shinhancard.com/pconts/images/contents/card/plate/cdCreaditBADARD.png,https://www.shinhancard.com/pconts/html/card/apply/credit/1188440_2207.html
신한카드,장애인 통합복지 신한카드 2030,2014.12.24,비자 카드,없음,,,,,LPG 충전소 할인,,,무임교통기능,"전철 무임승차 가능
        중증장애인 보호자 동반 무임승차 기능 지원",,고속도로 통행료 할인,"고속도로 통행료 50% 할인
        일반차로 및 하이패스 차로 통행료 할인 지원",,장애인증 기능,,,주유 할인,"1일 2회, 1회 10만원, 월 30만원 이용한도까지 적립 가능",,https://www.shinhancard.com/pconts/images/contents/card/plate/cdCreditAAAA8X.png,https://www.shinhancard.com/pconts/html/card/apply/credit/1188497_2207.html
신한카드,장애인 통합복지 신한카드 Lady,2014.12.24,비자 카드,없음,,,,,LPG 충전소 할인,,,무임교통기능,"전철 무임승차 가능
        중증장애인 보호자 동반 무임승차 기능 지원",,고속도로 통행료 할인,"고속도로 통행료 50% 할인
        일반차로 및 하이패스 차로 통행료 할인 지원",,장애인증 기능,,,Lady Propose,매월 영화 이벤트,연간 2회 공연 이벤트,https://www.shinhancard.com/pconts/images/contents/card/plate/cdCreditABAA90.png,https://www.shinhancard.com/pconts/html/card/apply/credit/1188496_2207.html
신한카드,신한카드 Shopping(한국유치원총연합회 교원증),2016.05.31,비자 카드,2만3천원,,,,,쇼핑 할인,"5대 백화점 10% 할인(롯데, 현대, 신세계, 갤러리아, AK 백화점)","5대 마트 10% 할인(이마트, 홈플러스, 롯데마트, 메가마트, 탑마트)",생활 할인,"커피전문점 10% 할인(스타벅스, 커피빈, 카페베네, 엔제리너스, 투썸플레이스)","잡화 10% 할인(올리브영, 다이소)",해외이용 캐시백,"해당카드로 전년도 국내이용금액(일시불+할부) 1천만원 이상인 고객에 대하여, 연간 해외 일시불 이용금액의 5% 캐시백 제공 (년 1회, 최대 5만원)",,제휴 할인,"마켓컬리, 프레딧, 집반찬연구소 10% 할인",,,,,https://www.shinhancard.com/pconts/images/contents/card/plate/cdCreditBCAD2F.png,https://www.shinhancard.com/pconts/html/card/apply/credit/1219468_2207.html
신한카드,대한치과위생사협회 신한카드 Lady,2010.01.15,비자 카드,7천원,,,,,Lady Propose,매월 영화 이벤트,연간 2회 공연 이벤트,쇼핑 할인,3대 백화점 및 롯데마트 5% 결제일 할인,3대 백화점 및 주요 할인점 3개월 무이자 할부,통신 할인,"이동통신요금(SKT, KT, LGT) 자동이체 시 2% 결제일 할인",월 1회/최대 5천원 까지 할인,주유 적립,S-OIL 주유 시 리터당 60원 적립,월 4회/할인 전 금액 20만원까지 적립,식음료 할인,국내 유명 패밀리 레스토랑 및 커피 전문점 할인,"아웃백, VIPS, 투썸플레이스 등 20% 할인",https://www.shinhancard.com/pconts/images/contents/card/plate/cdCreditABA221.png,https://www.shinhancard.com/pconts/html/card/apply/credit/1195600_2207.html
신한카드,대한치과위생사협회 GS칼텍스 신한카드 BigPlus,2011.12.07,국내 카드,5천원,비자 카드,7천원,마스터 카드,7천원,주유 포인트 적립,GS칼텍스 주유시 80포인트/ℓ 적립,,Smart카드 서비스,GS칼텍스 보너스 포인트(GS&Point) 적립,,테마파크 할인,"서울랜드, 롯데월드 할인",,영화 할인,인터파크 영화 할인,,쇼핑 무이자 할부,3대 백화점 3개월 무이자 할부,,https://www.shinhancard.com/pconts/images/contents/card/plate/cdCreditADC46F.png,https://www.shinhancard.com/pconts/html/card/apply/credit/1197429_2207.html
신한카드,알뜰교통 신한카드,2019.06.03,마스터 카드,1만5천원,유니온페이 카드,1만2천원,,,생활서비스  할인,월 할인한도 최대 3만원,대중교통(지하철/버스) 10%할인,전기차 이용 할인,전기차 충전요금 30~50% 결제일 할인,전기차 요금할인 적용된 하이패스 거래건 10% 캐시백,,,,,,,,,,https://www.shinhancard.com/pconts/images/contents/card/plate/cdCreditBELBX9.gif,https://www.shinhancard.com/pconts/html/card/apply/credit/1188458_2207.html
신한카드,SK55 화물복지 신한카드,2023.07.01,국내 카드,없음,마스터 카드,없음,,,유가보조금 지원,,,SK내트럭플러스 현장 할인,,,머핀 멤버십 서비스 제공,,,화물운송사업자 전용 서비스 제공,,,,,,https://www.shinhancard.com/pconts/images/contents/card/plate/cdCreditCBADBC.png,https://www.shinhancard.com/pconts/html/card/apply/credit/1223044_2207.html
신한카드,화물운전자복지 신한카드,2004.04.01,국내 카드,없음,비자 카드,없음,,,유가보조금 지원,전국 주유소에서 주유 시 화물운전자 유가보조금 자동 지급,,주유 할인,SK내트럭 주유소에서 주유 시 40원/ℓ 할인,,화물운송사업자 전용,"금호타이어 KTS대리점 이용 시, 마이신한포인트 0.5% 적립","대보그룹에서 운영하는 고속도로 휴게소 내 주유소 이용 시 1.5%, 휴게소 이용 시, 0.1% 마이신한포인트 적립",,,,,,,https://www.shinhancard.com/pconts/images/contents/card/plate/cdCreaditCBA62I.jpg,https://www.shinhancard.com/pconts/html/card/apply/credit/1188464_2207.html
신한카드,SK에너지 2MORE 화물복지 신한카드,2017.12.04,국내 카드,없음,비자 카드,없음,,,유가보조금 지원,전국 주유소에서 주유 시 화물운전자 유가보조금 자동 지급,,주유 할인,SK내트럭 주유소에서 주유 시 최대 55원/ℓ 할인,,화물운송사업자 전용,유가보조금 잔여한도 알림서비스(SMS발송-무료),,,,,,,,https://www.shinhancard.com/pconts/images/contents/card/plate/cdCreaditCBABFC.png,https://www.shinhancard.com/pconts/html/card/apply/credit/1188473_2207.html
신한카드,알뜰주유소 화물운전자복지 신한카드,2015.10.27,국내 카드,없음,,,,,유가보조금 지원,전국 주유소에서 주유 시 화물운전자 유가보조금 자동 지급,,주유 할인,알뜰주유소에서 주유 시 최대 35원/ℓ 할인,,화물운송사업자 전용,"금호타이어 KTS대리점 이용 시, 마이신한포인트 0.5% 적립","대보그룹에서 운영하는 고속도로 휴게소 내 주유소 이용 시 1.5%, 휴게소 이용 시, 0.1% 마이신한포인트 적립",,,,,,,https://www.shinhancard.com/pconts/images/contents/card/plate/cdCreaditCBAARU.png,https://www.shinhancard.com/pconts/html/card/apply/credit/1188475_2207.html
신한카드,HD현대오일뱅크 2UP 화물운전자복지 신한카드,2016.12.27,국내 카드,없음,비자 카드,없음,,,유가보조금 지원,전국 주유소에서 주유 시 화물자동차 유가보조금 자동 지급,,주유 할인,연동형: 전월 이용금액에 따라 HD현대오일뱅크 화물우대주유소 최대 100원/ℓ 할인,고정형: 전월 이용조건 없이 HD현대오일뱅크 화물우대주유소 50원/ℓ 할인,화물운송사업자 전용,"금호타이어 KTS대리점 이용 시, 마이신한포인트 0.5% 적립","대보그룹에서 운영하는 고속도로 휴게소 내 주유소 이용 시 1.5%, 휴게소 이용 시, 0.1% 마이신한포인트 적립",,,,,,,https://www.shinhancard.com/pconts/images/contents/card/plate/cdCreditCBAB6Q.png,https://www.shinhancard.com/pconts/html/card/apply/credit/1188468_2207.html
신한카드,S-OIL 2UP 화물운전자복지 신한카드,2017.02.06,국내 카드,없음,비자 카드,없음,,,유가보조금 지원,전국 주유소에서 주유 시 화물운전자 유가보조금 자동 지급,,주유 할인,연동형: 전월 이용금액에 따라 S-OIL 화물우대주유소 최대 100원/ℓ 할인,고정형: 전월 이용조건 없이 S-OIL 화물우대주유소 55원/ℓ 할인,화물운송사업자 전용,"금호타이어 KTS대리점 이용 시, 마이신한포인트 0.5% 적립","대보그룹에서 운영하는 고속도로 휴게소 내 주유소 이용 시 1.5%, 휴게소 이용 시, 0.1% 마이신한포인트 적립",,,,,,,https://www.shinhancard.com/pconts/images/contents/card/plate/cdCreaditCBAB6P.png,https://www.shinhancard.com/pconts/html/card/apply/credit/1188469_2207.html
신한카드,노란우산 신한카드,2018.02.28,비자 카드,1만5천원,유니온페이 카드,1만원,,,특화 적립,노란우산 신한카드 포인트 월 최대 5만P 적립(A+B),"노란우산 신한카드 포인트 적립기준
                                                                
사업성경비 적립처(A)
일반가맹점 적립처(B)
가맹점주 보너스 포인트(C)",생활 할인,병원/약국 이용금액의 5% 할인,대중교통 이용금액의 5% 할인,사업자지원 서비스,부가세 간편 신고,무료 전자세금계산서,,,,,,,https://www.shinhancard.com/pconts/images/contents/card/plate/cdCreaditBEWBJ7.png,https://www.shinhancard.com/pconts/html/card/apply/credit/1188471_2207.html
신한카드,개인택시운송자사업자 신한카드 T-플러스,2016.09.01,국내 카드,없음,비자 카드,없음,,,기본서비스,유가보조금 및 유류세 면세,,제휴서비스,SK충전소 이용 시 머핀(Muffin) 포인트 적립,전월 이용실적에 따라 마이신한포인트 0.3%~1.0% 추가 적립,,,,,,,,,,https://www.shinhancard.com/pconts/images/contents/card/plate/cdCreditCBDB2M.png,https://www.shinhancard.com/pconts/html/card/apply/credit/1188470_2207.html
신한카드,S.Sing 씽화물복지 신한카드,2015.07.27,국내 카드,없음,비자 카드,없음,,,유가보조금 지원,전국 주유소에서 주유 시 화물자동차 유가보조금 자동 지급,,주유 할인,"HD현대오일뱅크, GS칼텍스 화물 특화주유소 최대 70원/ℓ 할인","HD현대오일뱅크, GS칼텍스 일반주유소 최대 25원/ℓ 할인",화물운송사업자 전용,"금호타이어 KTS대리점 이용 시, 마이신한포인트 0.5% 적립","대보그룹에서 운영하는 고속도로 휴게소 내 주유소 이용 시 1.5%, 휴게소 이용 시, 0.1% 마이신한포인트 적립",,,,,,,https://www.shinhancard.com/pconts/images/contents/card/plate/cdCreditCBAAQV.png,https://www.shinhancard.com/pconts/html/card/apply/credit/1188467_2207.html
신한카드,외식가족공제 신한카드 Hi-Point MyShop,2014.03.10,비자 카드,1만5천원,마스터 카드,1만5천원,유알에스 카드,1만원,포인트 적립,주요 사업성 경비 1~5% 적립,외식업중앙회 식자재 직거래 가맹점 0.5% 적립,포인트 사용처,상품권 교환/주유소 포인트 결제/마일리지 전환/테마파크 할인/쇼핑·온라인몰 차감결제/요식 할인/펀드불입,,영화/테마파크 할인,"CGV, 메가박스 영화 할인",주요 놀이공원 30~50% 할인,현금서비스(단기카드대출)/론(장기카드대출) 우대,1년간 카드론/현금서비스(단기카드대출)/론(장기카드대출) 이자율 우대,카드론 이용 시 기준금리 대비 20% 할인,금융 서비스,신한은행 사업자대출 이용 시 금리 0.3% 우대,신한투자증권(사업자전용 CMA가입시) 금리 0.1% 우대,https://www.shinhancard.com/pconts/images/contents/card/plate/cdCreaditAFIAAK.png,https://www.shinhancard.com/pconts/html/card/apply/credit/1188466_2207.html
신한카드,교직원복지 신한카드 Love,2012.02.03,유알에스 카드,8천원,비자 카드,1만원,비자 카드,2만5천원,LG계열 할인,LG전자 5% 할인,뷰티플렉스 10% 할인,쇼핑 할인,"현대, 롯데, 신세계, 갤러리아 5% 할인","이마트, 롯데마트, 홈플러스 5% 할인",쇼핑 무이자 할부,"현대, 롯데, 신세계, 갤러리아 2~3개월 무이자할부","이마트, 롯데마트, 홈플러스 2~3개월 무이자할부",주유 할인,GS칼텍스 리터당 60원 할인,,요식/커피 할인,패밀리레스토랑 20~30% 할인,스타벅스 20% 할인,https://www.shinhancard.com/pconts/images/contents/card/plate/cdCreditAEA9KG.png,https://www.shinhancard.com/pconts/html/card/apply/credit/1192499_2207.html
신한카드,한국수력원자력 임직원복지 신한카드 LOVE,2020.06.16,국내 카드,8천원,비자 카드,1만원,비자 카드,2만5천원,쇼핑 할인,"현대, 롯데, 신세계, 갤러리아 5% 할인","이마트, 롯데마트, 홈플러스 5% 할인",쇼핑 무이자 할부,"현대, 롯데, 신세계, 갤러리아 2~3개월 무이자할부","이마트, 롯데마트, 홈플러스 2~3개월 무이자할부",주유 할인,GS칼텍스 리터당 60원 할인,,요식/커피 할인,패밀리레스토랑 20~30% 할인,스타벅스 20% 할인,영화 할인,"CGV, 인터파크 7천원 할인",,https://www.shinhancard.com/pconts/images/contents/card/plate/cdCreditAEAC81.png,https://www.shinhancard.com/pconts/html/card/apply/credit/1196950_2207.html
신한카드,SK One+ 화물복지 신한카드,2020.07.20,국내 카드,없음,마스터 카드,없음,,,유가보조금 지원,전국 주유소에서 주유 시 화물운전자 유가보조금 자동 지급,,주유 할인,SK내트럭플러스 주유소에서 주유시 최대 70원/ℓ 할인,,화물운송사업자 전용,유가보조금 잔여한도 알림서비스(SMS) 무료 제공,,,,,,,,https://www.shinhancard.com/pconts/images/contents/card/plate/cdCreditCBAC87.png,https://www.shinhancard.com/pconts/html/card/apply/credit/1197178_2207.html
신한카드,부산가족사랑 GS칼텍스 신한카드 Shine,2013.04.28,국내 카드,7천원,비자 카드,1만2천원,,,주유 할인,,,대중교통 할인,,,테마파크 할인,,,영화/뷰티/스포츠 할인,"CGV, 메가박스 온라인 영화 예매 할인",뷰티 할인,추가 서비스,"학원비, 교육비 5% 청구할인",전국 병원 및 약국 5% 청구할인,https://www.shinhancard.com/pconts/images/contents/card/plate/cdCreditBAEA4N.png,https://www.shinhancard.com/pconts/html/card/apply/credit/1188429_2207.html
신한카드,119 소방사랑 GS칼텍스 신한카드 BigPlus,2005.01.07,비자 카드,1만2천원,,,,,주유 포인트  적립,GS칼텍스 주유시 80포인트/ℓ 적립,,테마파크 할인,"서울랜드, 롯데월드 할인",,영화 할인,인터파크 온라인 영화 예매 시 할인 혜택 제공,,쇼핑 무이자 할부,3대 백화점 3개월 무이자 할부,,무료보험 서비스,대중교통 상해보험 무료가입 서비스,,https://www.shinhancard.com/pconts/images/contents/card/plate/cdCreditADA40K.png,https://www.shinhancard.com/pconts/html/card/apply/credit/1217719_2207.html
